{"cameraMode":{"drawMode":0,"name":"Shaded","section":"Shading Mode"},"sceneLighting":true,"audioPlay":false,"sceneViewState":{"m_AlwaysRefresh":false,"showFog":true,"showSkybox":true,"showFlares":true,"showImageEffects":true,"showParticleSystems":true,"showVisualEffectGraphs":true,"m_FxEnabled":true},"in2DMode":false,"pivot":{"x":355.74176025390627,"y":-226.72129821777345,"z":422.3167724609375},"rotation":{"x":0.3534170985221863,"y":0.01907583698630333,"z":-0.007279661018401384,"w":0.9355287551879883},"size":289.8717956542969,"orthographic":false}