{"cameraMode":{"drawMode":0,"name":"Shaded","section":"Shading Mode"},"sceneLighting":true,"audioPlay":false,"sceneViewState":{"m_AlwaysRefresh":false,"showFog":true,"showSkybox":true,"showFlares":true,"showImageEffects":true,"showParticleSystems":true,"showVisualEffectGraphs":true,"m_FxEnabled":true},"in2DMode":false,"pivot":{"x":-1.1134576797485352,"y":8.490645408630371,"z":-1.7866487503051758},"rotation":{"x":-0.0029017527122050525,"y":0.9283768534660339,"z":-0.007250388618558645,"w":-0.37155845761299136},"size":10.344620704650879,"orthographic":false}